{"cameraMode":{"drawMode":0,"name":"Shaded","section":"Shading Mode"},"sceneLighting":true,"audioPlay":false,"sceneViewState":{"m_AlwaysRefresh":true,"showFog":true,"showSkybox":true,"showFlares":true,"showImageEffects":true,"showParticleSystems":true,"showVisualEffectGraphs":true,"m_FxEnabled":true},"in2DMode":false,"pivot":{"x":0.8251987099647522,"y":0.7903039455413818,"z":-0.27885961532592776},"rotation":{"x":-0.012294705025851727,"y":-0.04887918382883072,"z":0.0006077390280552208,"w":-0.9987235069274902},"size":4.259960174560547,"orthographic":false}