{"cameraMode":{"drawMode":0,"name":"Shaded","section":"Shading Mode"},"sceneLighting":true,"audioPlay":false,"sceneViewState":{"m_AlwaysRefresh":true,"showFog":true,"showSkybox":true,"showFlares":true,"showImageEffects":true,"showParticleSystems":true,"showVisualEffectGraphs":true,"m_FxEnabled":true},"in2DMode":false,"pivot":{"x":-0.9214906692504883,"y":1.5028698444366456,"z":-2.8357903957366945},"rotation":{"x":0.40774762630462649,"y":0.1008015125989914,"z":-0.04525750130414963,"w":0.9064185619354248},"size":0.8660253882408142,"orthographic":false}