{"cameraMode":{"drawMode":0,"name":"Shaded","section":"Shading Mode"},"sceneLighting":true,"audioPlay":false,"sceneViewState":{"showFog":true,"showMaterialUpdate":true,"showSkybox":true,"showFlares":true,"showImageEffects":true,"showParticleSystems":true},"in2DMode":false,"pivot":{"x":-0.755689799785614,"y":1.9099763631820679,"z":8.289300918579102},"rotation":{"x":0.002444835612550378,"y":0.9739930033683777,"z":-0.2263180911540985,"w":0.010520453564822674},"size":3.5827293395996095,"orthographic":false}